"Frequency [Hz]","Function 2","DOMAIN InfiniteAcoustic1"
1.0000000000000e+01,6.0882607748259e-01,9.1824332547083e+01
2.0000000000000e+01,8.8191260841760e-01,9.3433655602864e+01
3.0000000000000e+01,1.8437400524542e+00,9.6636396988480e+01
4.0000000000000e+01,6.3108791431886e+00,1.0198029871948e+02
5.0000000000000e+01,3.1786258559158e+00,9.9001794204264e+01
6.0000000000000e+01,7.2840704281243e-01,9.2603141449160e+01
7.0000000000000e+01,2.7017722080267e-01,8.8295887386403e+01
8.0000000000000e+01,1.3086091724072e-01,8.5147499687364e+01
9.0000000000000e+01,7.4210330218966e-02,8.2684043727762e+01
1.0000000000000e+02,4.6752420033295e-02,8.0677441047341e+01
1.1000000000000e+02,3.1797274931362e-02,7.9003299106381e+01
1.2000000000000e+02,2.2948337273848e-02,7.7586912327958e+01
1.3000000000000e+02,1.7381646079563e-02,7.6380309113612e+01
1.4000000000000e+02,1.3714898077972e-02,7.5351325931726e+01
1.5000000000000e+02,1.1216405206813e-02,7.4477936990150e+01
1.6000000000000e+02,9.4748802509704e-03,7.3745137384814e+01
1.7000000000000e+02,8.2485894701962e-03,7.3143196981087e+01
1.8000000000000e+02,7.3915238853299e-03,7.2666739933136e+01
1.9000000000000e+02,6.8155545328373e-03,7.2314412057105e+01
2.0000000000000e+02,6.4709608254379e-03,7.2089087793260e+01
2.1000000000000e+02,6.3377563173236e-03,7.1998755455023e+01
2.2000000000000e+02,6.4256037283420e-03,7.2058539474566e+01
2.3000000000000e+02,6.7853323516600e-03,7.2295111333217e+01
2.4000000000000e+02,7.5471706844479e-03,7.2757241806425e+01
2.5000000000000e+02,9.0509354743352e-03,7.3546334774182e+01
2.6000000000000e+02,1.2471867947265e-02,7.4938715125464e+01
2.7000000000000e+02,2.7249690245835e-02,7.8333015785768e+01
2.8000000000000e+02,5.1713980303959e-03,7.1115479743598e+01
2.9000000000000e+02,7.5018780389476e-03,7.2731100080438e+01
3.0000000000000e+02,1.8720454634237e-02,7.6702564002292e+01
3.1000000000000e+02,3.4603907488914e-02,7.9370651509636e+01
3.2000000000000e+02,3.4313396351737e-02,7.9334037154725e+01
3.3000000000000e+02,1.8100869184722e-02,7.6556394384067e+01
3.4000000000000e+02,9.2003614282763e-03,7.3617448972375e+01
3.5000000000000e+02,5.6677608502660e-03,7.1513515256884e+01
3.6000000000000e+02,3.5280909945744e-03,6.9454797863597e+01
3.7000000000000e+02,2.5144052560178e-03,6.7983752845153e+01
3.8000000000000e+02,2.0368759104457e-03,6.7069045806029e+01
3.9000000000000e+02,1.9207004727538e-03,6.6813996519446e+01
4.0000000000000e+02,2.2154407272477e-03,6.7434001439137e+01
4.1000000000000e+02,3.2785045202236e-03,6.9136157954566e+01
4.2000000000000e+02,4.6519131328298e-03,7.0655716050369e+01
4.3000000000000e+02,2.5625706868796e-03,6.8066158626376e+01
4.4000000000000e+02,1.1443042453558e-03,6.4564815178424e+01
4.5000000000000e+02,6.7211854601810e-04,6.2253858878880e+01
4.6000000000000e+02,1.1441882129135e-03,6.4564374781522e+01
4.7000000000000e+02,4.3395941828112e-04,6.0353891270310e+01
4.8000000000000e+02,4.4363318924525e-04,6.0449640379591e+01
4.9000000000000e+02,5.1244678827594e-04,6.1075887842380e+01
5.0000000000000e+02,6.4385685423736e-04,6.2067293320489e+01
5.1000000000000e+02,8.7422934420933e-04,6.3395653885130e+01
5.2000000000000e+02,1.2969253565163e-03,6.5108549900098e+01
5.3000000000000e+02,2.1892677282796e-03,6.7382388839013e+01
5.4000000000000e+02,4.1067121544877e-03,7.0114342722516e+01
5.5000000000000e+02,1.7620724029699e-02,7.6439637581307e+01
5.6000000000000e+02,4.5608189180760e-02,8.0569828381062e+01
5.7000000000000e+02,5.6512031322873e-04,6.1500809269496e+01
5.8000000000000e+02,1.4341283238556e-03,6.5545280218232e+01
5.9000000000000e+02,1.1391098406162e-02,7.4545056123591e+01
6.0000000000000e+02,1.7660512808374e-01,8.6449433187071e+01
6.1000000000000e+02,6.2305273704201e-02,8.1924648168673e+01
6.2000000000000e+02,1.1797560500591e-02,7.4697322218543e+01
6.3000000000000e+02,2.2864602075548e-03,6.7571036562038e+01
6.4000000000000e+02,1.2906453374931e-03,6.5087469255080e+01
6.5000000000000e+02,1.0719953825351e-02,7.4281329233722e+01
6.6000000000000e+02,2.1739155562824e-02,7.7351826789868e+01
6.7000000000000e+02,5.8740822181102e-02,8.1668800296163e+01
6.8000000000000e+02,9.4528621042149e-03,7.3735033312420e+01
6.9000000000000e+02,3.5702791591337e-02,7.9506421834765e+01
7.0000000000000e+02,2.2426955479276e-02,7.7487103295892e+01
7.1000000000000e+02,1.1173924644746e-02,7.4461457468899e+01
7.2000000000000e+02,1.0742812171628e-02,7.4290579912231e+01
7.3000000000000e+02,2.7991003247420e-03,6.8449584733051e+01
7.4000000000000e+02,1.8272697886811e-02,7.6597426825081e+01
7.5000000000000e+02,2.1224554700061e-02,7.7247785960057e+01
7.6000000000000e+02,4.7282616459462e-03,7.0726415095923e+01
7.7000000000000e+02,2.7490959525953e-03,6.8371299071024e+01
7.8000000000000e+02,2.9416399904073e-03,6.8665295296310e+01
7.9000000000000e+02,5.7079615848681e-03,7.1544210502807e+01
8.0000000000000e+02,8.5698763022070e-04,6.3309145620239e+01
8.1000000000000e+02,2.4777923957133e-03,6.7920049244437e+01
8.2000000000000e+02,1.0207801966534e-02,7.4068722447282e+01
8.3000000000000e+02,1.6914985690150e-02,7.6262116433889e+01
8.4000000000000e+02,9.2845118627277e-02,8.3656990841257e+01
8.5000000000000e+02,9.2667708533089e-03,7.3648684326866e+01
8.6000000000000e+02,2.8408805942159e-03,6.8513929888353e+01
8.7000000000000e+02,3.1414553323544e-02,7.8950708976325e+01
8.8000000000000e+02,4.3086836537611e-03,7.0322846177594e+01
8.9000000000000e+02,2.4048813662296e-02,7.7790336659879e+01
9.0000000000000e+02,9.2726471457018e-01,9.3651437424558e+01
9.1000000000000e+02,3.7377790044890e-03,6.9705536288908e+01
9.2000000000000e+02,2.5308759130793e-03,6.8012108612242e+01
9.3000000000000e+02,2.2974153605615e-03,6.7591795291140e+01
9.4000000000000e+02,2.2152707689081e-03,6.7433668255768e+01
9.5000000000000e+02,3.2942492959611e-03,6.9156964704649e+01
9.6000000000000e+02,1.5313530414946e-02,7.5830153341174e+01
9.7000000000000e+02,1.5833263748845e-02,7.5975104549314e+01
9.8000000000000e+02,2.5911352347917e-03,6.8114300886556e+01
9.9000000000000e+02,5.4303324490334e-04,6.1327664269093e+01
1.0000000000000e+03,1.4007064841838e-04,5.5442871477735e+01
1.0100000000000e+03,3.8165074343336e-03,6.9796061213708e+01
1.0200000000000e+03,8.4697931306573e-03,7.3258128117641e+01
1.0300000000000e+03,8.1628616129167e-03,7.3097824425283e+01
1.0400000000000e+03,3.8735796703018e-03,6.9860525014691e+01
1.0500000000000e+03,2.7158032715147e-03,6.8318383158158e+01
1.0600000000000e+03,1.5474833939541e-02,7.5875660059747e+01
1.0700000000000e+03,3.4319329854467e-02,7.9334788075647e+01
1.0800000000000e+03,1.6937830001257e-02,7.6267977783712e+01
1.0900000000000e+03,1.2782434660687e-02,7.5045535901155e+01
1.1000000000000e+03,1.6790600022995e-02,7.6230062248827e+01
1.1100000000000e+03,7.6261988276675e-02,8.2802481325356e+01
1.1200000000000e+03,2.4331534141782e-02,7.7841095014214e+01
1.1300000000000e+03,1.3154138840402e-02,7.5170024301471e+01
1.1400000000000e+03,5.0497605953330e-03,7.1012107977629e+01
1.1500000000000e+03,3.5656888917680e-03,6.9500834567423e+01
1.1600000000000e+03,3.1408279664650e-03,6.8949841579769e+01
1.1700000000000e+03,2.8415759202691e-03,6.8514992725416e+01
1.1800000000000e+03,7.7330297414166e-02,8.2862896891602e+01
1.1900000000000e+03,1.1183838722672e-02,7.4465309043449e+01
1.2000000000000e+03,1.5623767359809e-03,6.5917257722914e+01
1.2100000000000e+03,2.1722486363036e-03,6.7348495419252e+01
1.2200000000000e+03,6.7951276264837e-03,7.2301376267615e+01
1.2300000000000e+03,1.1077504749750e-02,7.4423819535901e+01
1.2400000000000e+03,2.6051129471665e-03,6.8137665659689e+01
1.2500000000000e+03,2.4249492533783e-03,6.7826426632770e+01
1.2600000000000e+03,4.9337206710788e-03,7.0911145663829e+01
1.2700000000000e+03,1.5653184106748e-02,7.5925427019497e+01
1.2800000000000e+03,6.2686707723225e-02,8.1951154701655e+01
1.2900000000000e+03,3.2725022938339e-02,7.9128199683101e+01
1.3000000000000e+03,4.0225545746356e-02,8.0024419536252e+01
1.3100000000000e+03,3.0941440192616e-03,6.8884805330693e+01
1.3200000000000e+03,1.8873819173673e-03,6.6737997985150e+01
1.3300000000000e+03,1.7259643420104e-03,6.6349718277290e+01
1.3400000000000e+03,5.7046949253907e-03,7.1541724329281e+01
1.3500000000000e+03,1.8149755205420e-02,7.6568107805427e+01
1.3600000000000e+03,2.4521700214672e-02,7.7874905874161e+01
1.3700000000000e+03,7.2203629289180e-03,7.2564990364446e+01
1.3800000000000e+03,6.9465321498840e-03,7.2397080587245e+01
1.3900000000000e+03,1.1057938475706e-02,7.4416141779485e+01
1.4000000000000e+03,1.4215419731029e-03,6.5506996960667e+01
1.4100000000000e+03,1.4107505660682e-03,6.5473902418762e+01
1.4200000000000e+03,1.1228907244163e-03,6.4482775030527e+01
1.4300000000000e+03,2.0223575815426e-03,6.7037979561489e+01
1.4400000000000e+03,1.3889033256579e-02,7.5406120264799e+01
1.4500000000000e+03,2.5436900599520e-02,7.8034042015553e+01
1.4600000000000e+03,1.4395047715660e-02,7.5561531174564e+01
1.4700000000000e+03,9.6829480834382e-02,8.3839476119973e+01
1.4800000000000e+03,2.6550871967829e-02,7.8220187971629e+01
1.4900000000000e+03,1.1510789878425e-02,7.4590451349145e+01
1.5000000000000e+03,1.6904128846059e-02,7.6259328029931e+01
1.5100000000000e+03,1.3564475777922e-02,7.5303430230502e+01
1.5200000000000e+03,2.3725270689474e-02,7.7731511848093e+01
1.5300000000000e+03,4.2163353430737e-03,7.0228751535366e+01
1.5400000000000e+03,1.1457940172739e-02,7.4570465589371e+01
1.5500000000000e+03,4.3185136882293e-03,7.0332743091748e+01
1.5600000000000e+03,2.5750920487725e-03,6.8087327665384e+01
1.5700000000000e+03,4.3339111015040e-03,7.0348200073674e+01
1.5800000000000e+03,1.0108935206898e-02,7.4026454216199e+01
1.5900000000000e+03,2.3345494526251e-02,7.7661430866710e+01
1.6000000000000e+03,5.4218937670860e-03,7.1320910127280e+01
1.6100000000000e+03,3.8209001900869e-02,7.9801057018274e+01
1.6200000000000e+03,3.1416147355388e-02,7.8950929339691e+01
1.6300000000000e+03,9.8269817765286e-03,7.3903601593551e+01
1.6400000000000e+03,3.1200048899950e-02,7.8920952833623e+01
1.6500000000000e+03,1.9090789139755e-02,7.6787638894993e+01
1.6600000000000e+03,8.7966170310204e-03,7.3422556936365e+01
1.6700000000000e+03,1.2389081771287e-02,7.4909791280876e+01
1.6800000000000e+03,1.7062919521563e-03,6.6299933510736e+01
1.6900000000000e+03,6.8843650485100e-03,7.2358038997218e+01
1.7000000000000e+03,8.5089523605215e-03,7.3278161008303e+01
1.7100000000000e+03,3.7644214050866e-03,6.9736382428905e+01
1.7200000000000e+03,8.1020475204665e-03,7.3065347947692e+01
1.7300000000000e+03,3.8021025524077e-02,7.9779638353898e+01
1.7400000000000e+03,3.7563738567956e-02,7.9727088180018e+01
1.7500000000000e+03,2.6532528356020e-02,7.8217186457161e+01
1.7600000000000e+03,8.7525989976947e-03,7.3400770402953e+01
1.7700000000000e+03,1.2507165795654e-03,6.4950989155869e+01
1.7800000000000e+03,1.5715476507425e-02,7.5942675624258e+01
1.7900000000000e+03,6.7662268860504e-02,8.2282865651905e+01
1.8000000000000e+03,5.3650187373284e-03,7.1275112517502e+01
1.8100000000000e+03,1.6477297111284e-03,6.6148259814502e+01
1.8200000000000e+03,5.3219785946902e-03,7.1240131321331e+01
1.8300000000000e+03,5.1894420272135e-03,7.1130606733549e+01
1.8400000000000e+03,2.9907099974000e-03,6.8737143111600e+01
1.8500000000000e+03,4.5089026354522e-03,7.0520108659918e+01
1.8600000000000e+03,2.1332686772471e-02,7.7269855653392e+01
1.8700000000000e+03,1.3771205912041e-02,7.5369119807382e+01
1.8800000000000e+03,3.8665389842929e-03,6.9852624019726e+01
1.8900000000000e+03,2.6479977648762e-02,7.8208576228603e+01
1.9000000000000e+03,1.0619178837257e-02,7.4240309434743e+01
1.9100000000000e+03,1.3722605599577e-03,6.5353765901652e+01
1.9200000000000e+03,8.7012402208264e-03,7.3375211673451e+01
1.9300000000000e+03,1.3454062075352e-03,6.5267934358036e+01
1.9400000000000e+03,1.4123031160997e-02,7.5478679260122e+01
1.9500000000000e+03,6.1283240283478e-03,7.1852817287436e+01
1.9600000000000e+03,7.1326686661595e-03,7.2511920588808e+01
1.9700000000000e+03,9.3564954572344e-04,6.3690532197405e+01
1.9800000000000e+03,1.7777991676386e-03,6.6478227072001e+01
1.9900000000000e+03,4.7666076179991e-03,7.0761494114169e+01
2.0000000000000e+03,7.7300187871398e-02,8.2861205581067e+01
2.0100000000000e+03,7.8897280566830e-03,7.2950020428679e+01
2.0200000000000e+03,1.7341081945630e-02,7.6370161991801e+01
2.0300000000000e+03,1.3909225847483e-02,7.5412429675985e+01
2.0400000000000e+03,1.6135567305787e-02,7.6057242479156e+01
2.0500000000000e+03,3.9637388956709e-02,7.9960450470423e+01
2.0600000000000e+03,4.9351143569462e-03,7.0912372293079e+01
2.0700000000000e+03,2.2967653428467e-03,6.7590566349020e+01
2.0800000000000e+03,3.2381858082269e-03,6.9082417737727e+01
2.0900000000000e+03,7.9162897050947e-03,7.2964616879686e+01
2.1000000000000e+03,2.8064739447800e-02,7.8461010232695e+01
2.1100000000000e+03,9.1609781996849e-03,7.3598818583271e+01
2.1200000000000e+03,8.3082534530281e-03,7.3174497454004e+01
2.1300000000000e+03,9.3074028569249e-03,7.3667685207748e+01
2.1400000000000e+03,2.0902724142689e-02,7.7181428977995e+01
2.1500000000000e+03,4.6313609376165e-02,8.0636486370222e+01
2.1600000000000e+03,6.7939551068686e-02,8.2300626814822e+01
2.1700000000000e+03,2.7312734589523e-03,6.8343051931649e+01
2.1800000000000e+03,5.5813778849469e-03,7.1446814359175e+01
2.1900000000000e+03,5.4886530748691e-03,7.1374057895663e+01
2.2000000000000e+03,8.4491771251323e-03,7.3247544232530e+01
2.2100000000000e+03,3.1073620147008e-02,7.8903318611637e+01
2.2200000000000e+03,7.5300371074413e-03,7.2747371250477e+01
2.2300000000000e+03,8.8292126870196e-03,7.3438619873428e+01
2.2400000000000e+03,1.0512434253734e-02,7.4196433013468e+01
2.2500000000000e+03,2.6410218679221e-03,6.8197120058951e+01
2.2600000000000e+03,3.8023446165201e-03,6.9779914842395e+01
2.2700000000000e+03,6.8955034430219e-03,7.2365059883274e+01
2.2800000000000e+03,1.1999821723109e-02,7.4771148026159e+01
2.2900000000000e+03,7.9294883442001e-03,7.2971851737375e+01
2.3000000000000e+03,6.4880351738289e-03,7.2100532043385e+01
2.3100000000000e+03,2.0717626905561e-02,7.7142800164613e+01
2.3200000000000e+03,7.8006358422507e-03,7.2900700128402e+01
2.3300000000000e+03,4.6306585532994e-03,7.0635827676653e+01
2.3400000000000e+03,1.2564177913223e-02,7.4970740862062e+01
2.3500000000000e+03,2.9426566137128e-02,7.8666795947708e+01
2.3600000000000e+03,4.8164366215394e-03,7.0806658585435e+01
2.3700000000000e+03,5.8553373194635e-03,7.1654919280227e+01
2.3800000000000e+03,3.4827995002021e-03,6.9398684821362e+01
2.3900000000000e+03,2.6240478479957e-03,6.8169117585567e+01
2.4000000000000e+03,4.2486272676155e-03,7.0261886407457e+01
2.4100000000000e+03,2.8576948357033e-02,7.8539558586532e+01
2.4200000000000e+03,3.0017974309495e-03,6.8753213902538e+01
2.4300000000000e+03,1.2275325088601e-03,6.4869730110814e+01
2.4400000000000e+03,8.9395720085078e-03,7.3492567356567e+01
2.4500000000000e+03,1.3298203857908e-02,7.5217329949567e+01
2.4600000000000e+03,4.1135129653884e-02,8.0121528791699e+01
2.4700000000000e+03,7.1703813469431e-03,7.2534822623132e+01
2.4800000000000e+03,2.7499998508976e-03,6.8372726789553e+01
2.4900000000000e+03,2.5580219546991e-03,6.8058442762438e+01
2.5000000000000e+03,5.7319622949924e-03,7.1562433336055e+01
2.5100000000000e+03,2.0794623191321e-02,7.7158910638172e+01
2.5200000000000e+03,7.3001064971107e-03,7.2612692045144e+01
2.5300000000000e+03,6.2223554921655e-03,7.1918948280252e+01
2.5400000000000e+03,3.5997087222491e-03,6.9542073690399e+01
2.5500000000000e+03,1.2072033459625e-02,7.4797204391598e+01
2.5600000000000e+03,2.1922969406567e-03,6.7388393864746e+01
2.5700000000000e+03,3.6018606615757e-02,7.9544669167449e+01
2.5800000000000e+03,1.1870960611984e-02,7.4724258726649e+01
2.5900000000000e+03,8.3435177808586e-03,7.3192892044783e+01
2.6000000000000e+03,6.4915095316791e-03,7.2102857077911e+01
2.6100000000000e+03,3.0045690247029e-03,6.8757221942898e+01
2.6200000000000e+03,5.3395752023723e-03,7.1254467161493e+01
2.6300000000000e+03,2.3523935319582e-02,7.7694499852859e+01
2.6400000000000e+03,8.2532648003821e-03,7.3145657880477e+01
2.6500000000000e+03,1.3321488361449e-02,7.5224927583602e+01
2.6600000000000e+03,4.0908004443224e-03,7.0097483031195e+01
2.6700000000000e+03,3.0827158294527e-03,6.8868735011609e+01
2.6800000000000e+03,7.0245503548753e-03,7.2445585387230e+01
2.6900000000000e+03,6.5046504637146e-03,7.2111639727889e+01
2.7000000000000e+03,5.4788167859229e-03,7.1366267863484e+01
2.7100000000000e+03,1.1876986744387e-02,7.4726462804388e+01
2.7200000000000e+03,9.8827473782462e-02,8.3928177027888e+01
2.7300000000000e+03,9.5438676256514e-03,7.3776644156705e+01
2.7400000000000e+03,2.3260138397284e-03,6.7645523031142e+01
2.7500000000000e+03,4.5853964178441e-03,7.0593168960369e+01
2.7600000000000e+03,8.1821247817227e-04,6.3108061071050e+01
2.7700000000000e+03,1.2684406813710e-03,6.5012101709230e+01
2.7800000000000e+03,3.2602622387300e-03,6.9111925425599e+01
2.7900000000000e+03,1.4486814559354e-03,6.5589129095759e+01
2.8000000000000e+03,2.4551131117349e-02,7.7880115143655e+01
2.8100000000000e+03,5.8575431363436e-03,7.1656555042009e+01
2.8200000000000e+03,9.6154728226529e-03,7.3809106533797e+01
2.8300000000000e+03,1.8464709901932e-02,7.6642824975353e+01
2.8400000000000e+03,7.2679260328050e-03,7.2593505074252e+01
2.8500000000000e+03,4.0070446253590e-03,7.0007641877504e+01
2.8600000000000e+03,4.3785978363423e-03,7.0392750667945e+01
2.8700000000000e+03,1.9948129505455e-02,7.6978421877152e+01
2.8800000000000e+03,1.5148519652401e-03,6.5783102033450e+01
2.8900000000000e+03,1.4578266928029e-03,6.5616459065682e+01
2.9000000000000e+03,8.3942515051528e-03,7.3219219858972e+01
2.9100000000000e+03,5.1287526366329e-03,7.1079517619129e+01
2.9200000000000e+03,2.7068037141346e-03,6.8303967724001e+01
2.9300000000000e+03,6.3228033358959e-02,8.1988496824252e+01
2.9400000000000e+03,1.9749640934488e-02,7.6934992128579e+01
2.9500000000000e+03,1.1439033228208e-02,7.4563293302098e+01
2.9600000000000e+03,6.7272801033432e-03,7.2257795194236e+01
2.9700000000000e+03,2.5933767763718e-02,7.8118056261016e+01
2.9800000000000e+03,9.4983509421547e-03,7.3755882203937e+01
2.9900000000000e+03,2.8675836879893e-03,6.8554561099451e+01
3.0000000000000e+03,6.1572207979558e-03,7.1873247363442e+01
3.0100000000000e+03,7.6916917351414e-02,8.2839618790890e+01
3.0200000000000e+03,3.1020251906256e-02,7.8895853289405e+01
3.0300000000000e+03,1.0456375669789e-02,7.4173211865714e+01
3.0400000000000e+03,1.2664199519444e-02,7.5005177527177e+01
3.0500000000000e+03,4.1302758738966e-03,7.0139190691685e+01
3.0600000000000e+03,1.7865629446740e-03,6.6499583306619e+01
3.0700000000000e+03,3.4477682347552e-03,6.9354780727418e+01
3.0800000000000e+03,3.1227861464349e-03,6.8924822527155e+01
3.0900000000000e+03,4.2232495058541e-03,7.0235867485897e+01
3.1000000000000e+03,6.1049955782675e-03,7.1836253624018e+01
3.1100000000000e+03,1.3433489290131e-02,7.5261288420873e+01
3.1200000000000e+03,1.3198922367694e-02,7.5184784831454e+01
3.1300000000000e+03,1.3368538394154e-02,7.5240239363489e+01
3.1400000000000e+03,3.2957843529047e-03,6.9158987962216e+01
3.1500000000000e+03,3.0897408756379e-03,6.8878620670615e+01
3.1600000000000e+03,1.5981119613430e-02,7.6015472107402e+01
3.1700000000000e+03,5.6130675584492e-03,7.1471402780581e+01
3.1800000000000e+03,6.8399869127375e-03,7.2329952794373e+01
3.1900000000000e+03,4.6869022933335e-03,7.0688259086594e+01
3.2000000000000e+03,3.9343475908199e-03,6.9928127348976e+01
3.2100000000000e+03,2.3308199471127e-02,7.7654487347900e+01
3.2200000000000e+03,1.3876891218060e-03,6.5402321925097e+01
3.2300000000000e+03,9.7069451482551e-03,7.3850225842035e+01
3.2400000000000e+03,2.7765996654966e-02,7.8414532756751e+01
3.2500000000000e+03,1.6587563518422e-02,7.6177226075828e+01
3.2600000000000e+03,6.9570201472434e-03,7.2403632697304e+01
3.2700000000000e+03,6.9933767766261e-03,7.2426269356827e+01
3.2800000000000e+03,3.8756854287478e-03,6.9862885288301e+01
3.2900000000000e+03,2.9108225108707e-03,6.8619557335545e+01
3.3000000000000e+03,2.9246838544001e-03,6.8640189362834e+01
3.3100000000000e+03,2.3416974159755e-03,6.7674707853768e+01
3.3200000000000e+03,2.7276072587530e-03,6.8337218461977e+01
3.3300000000000e+03,4.1191361748584e-03,7.0127461582424e+01
3.3400000000000e+03,2.5926645467098e-03,6.8116863376522e+01
3.3500000000000e+03,9.8866338635228e-03,7.3929884596891e+01
3.3600000000000e+03,9.2207956310982e-03,7.3627084051365e+01
3.3700000000000e+03,5.1147051258640e-03,7.1067606093983e+01
3.3800000000000e+03,7.8992055280549e-03,7.2955234224774e+01
3.3900000000000e+03,3.0752700259938e-03,6.8858232639543e+01
3.4000000000000e+03,1.7474409280092e-03,6.6403425120750e+01
3.4100000000000e+03,1.8009265814949e-03,6.6534360169377e+01
3.4200000000000e+03,5.5643153634496e-03,7.1433517447880e+01
3.4300000000000e+03,3.8977335382943e-02,7.9887521546892e+01
3.4400000000000e+03,8.1782615199825e-03,7.3106010027443e+01
3.4500000000000e+03,1.9710972471350e-03,6.6926480600708e+01
3.4600000000000e+03,2.5737255567733e-03,6.8085022437294e+01
3.4700000000000e+03,7.0476937870965e-03,7.2459870349694e+01
3.4800000000000e+03,5.5700892168510e-03,7.1438021600533e+01
3.4900000000000e+03,6.2774316055291e-03,7.1957219983162e+01
3.5000000000000e+03,1.9433055242875e-03,6.6864810939250e+01
3.5100000000000e+03,7.5151610917810e-03,7.2738783030456e+01
3.5200000000000e+03,6.6478668346204e-03,7.2206223200545e+01
3.5300000000000e+03,1.2029549212494e-02,7.4781893618478e+01
3.5400000000000e+03,1.4338744098687e-02,7.5544511227028e+01
3.5500000000000e+03,6.6340492825663e-03,7.2197187021243e+01
3.5600000000000e+03,6.0868655199001e-03,7.1823337154504e+01
3.5700000000000e+03,5.3817883343051e-03,7.1288666216369e+01
3.5800000000000e+03,9.2827325821842e-03,7.3656158481101e+01
3.5900000000000e+03,5.7057282725586e-03,7.1542510938097e+01
3.6000000000000e+03,6.4792306546125e-02,8.2094634493740e+01
3.6100000000000e+03,9.3175256169285e-03,7.3672406041173e+01
3.6200000000000e+03,5.2386648860885e-03,7.1171606264791e+01
3.6300000000000e+03,3.8533040817476e-02,7.9837732911899e+01
3.6400000000000e+03,4.1236919081741e-03,7.0132262192170e+01
3.6500000000000e+03,1.8310556126829e-03,6.6606415435333e+01
3.6600000000000e+03,4.1179592359323e-03,7.0126220518532e+01
3.6700000000000e+03,2.8648211151331e-02,7.8550375176505e+01
3.6800000000000e+03,3.2286787473299e-03,6.9069648436543e+01
3.6900000000000e+03,2.9234165367176e-03,6.8638307079535e+01
3.7000000000000e+03,6.8427024642374e-03,7.2331676649990e+01
3.7100000000000e+03,3.8276013690785e-03,6.9808667099231e+01
3.7200000000000e+03,3.0381400000941e-03,6.8805477913217e+01
3.7300000000000e+03,5.4827984876220e-03,7.1369422929794e+01
3.7400000000000e+03,4.7893297730330e-03,7.0782147504291e+01
3.7500000000000e+03,3.0561155889802e-03,6.8831097848541e+01
3.7600000000000e+03,2.5260819410586e-02,7.8003874427664e+01
3.7700000000000e+03,7.1253093749249e-03,7.2507437344622e+01
3.7800000000000e+03,2.5125187691727e-03,6.7980493234061e+01
3.7900000000000e+03,2.1804711886813e-02,7.7364903612365e+01
3.8000000000000e+03,2.1713154731962e-02,7.7346629359103e+01
3.8100000000000e+03,1.4454175427058e-02,7.5579333300199e+01
3.8200000000000e+03,1.0384537685823e-02,7.4143271754107e+01
3.8300000000000e+03,3.0279500849586e-02,7.8790887203172e+01
3.8400000000000e+03,6.1114420493562e-03,7.1840837066699e+01
3.8500000000000e+03,2.5649133212552e-03,6.8070127018093e+01
3.8600000000000e+03,1.6108587039906e-03,6.6049974567459e+01
3.8700000000000e+03,2.6551470669637e-03,6.8220285900601e+01
3.8800000000000e+03,3.9655880294535e-03,6.9962476036073e+01
3.8900000000000e+03,8.3902875090155e-03,7.3217168516747e+01
3.9000000000000e+03,1.7591330804329e-03,6.6432387042474e+01
3.9100000000000e+03,7.1444251261753e-03,7.2519072978418e+01
3.9200000000000e+03,3.9810499432606e-03,6.9979376346225e+01
3.9300000000000e+03,3.2104854695314e-03,6.9045107173377e+01
3.9400000000000e+03,9.8643530910168e-03,7.3920086179547e+01
3.9500000000000e+03,6.3980643467899e-03,7.2039886122406e+01
3.9600000000000e+03,8.3150376413245e-03,7.3178042282387e+01
3.9700000000000e+03,2.1510481690136e-03,6.7305901444442e+01
3.9800000000000e+03,3.5799975865745e-03,6.9518227425400e+01
3.9900000000000e+03,1.1343681318144e-02,7.4526940259014e+01
4.0000000000000e+03,1.6483872960526e-03,6.6149992674756e+01
4.0100000000000e+03,5.0503574611196e-03,7.1012621269684e+01
4.0200000000000e+03,1.3088546456720e-03,6.5148314275011e+01
4.0300000000000e+03,3.1351012616520e-02,7.8941915814836e+01
4.0400000000000e+03,4.0699812392355e-03,7.0075324160016e+01
4.0500000000000e+03,8.7322828166466e-03,7.3390678016413e+01
4.0600000000000e+03,9.2649750524129e-03,7.3647842629137e+01
4.0700000000000e+03,1.0347292413705e-02,7.4127667310619e+01
4.0800000000000e+03,7.5158087986046e-03,7.2739157318345e+01
4.0900000000000e+03,1.3252781559869e-02,7.5202470484031e+01
4.1000000000000e+03,1.1878159290870e-02,7.4726891537149e+01
4.1100000000000e+03,1.4082482859639e-02,7.5466192399823e+01
4.1200000000000e+03,4.0868599504710e-02,8.0093297641278e+01
4.1300000000000e+03,4.4427162843375e-03,7.0455885883813e+01
4.1400000000000e+03,9.9981117801300e-03,7.3978579965819e+01
4.1500000000000e+03,1.2399297113370e-02,7.4913370754119e+01
4.1600000000000e+03,5.8200905116119e-03,7.1628697473405e+01
4.1700000000000e+03,8.6139164706348e-03,7.3331406647545e+01
4.1800000000000e+03,9.9535076273107e-02,8.3959161622560e+01
4.1900000000000e+03,4.6058700837270e-03,7.0612516924704e+01
4.2000000000000e+03,1.3954668101637e-02,7.5426595203429e+01
4.2100000000000e+03,2.1296788354595e-02,7.7262541236111e+01
4.2200000000000e+03,7.0682687693134e-03,7.2472530637697e+01
4.2300000000000e+03,3.5845997191595e-03,6.9523806751010e+01
4.2400000000000e+03,1.2969308037365e-03,6.5108568140876e+01
4.2500000000000e+03,1.8704558365094e-02,7.6698874671637e+01
4.2600000000000e+03,6.2851906700744e-03,7.1962584658261e+01
4.2700000000000e+03,3.4048970587499e-03,6.9300439949670e+01
4.2800000000000e+03,8.7987039180033e-03,7.3423587123319e+01
4.2900000000000e+03,1.4880433028879e-02,7.5705555782768e+01
4.3000000000000e+03,7.1906046813178e-03,7.2547054218251e+01
4.3100000000000e+03,8.1675260836309e-03,7.3100305387750e+01
4.3200000000000e+03,3.1002873877028e-03,6.8893419622187e+01
4.3300000000000e+03,1.0348690404554e-02,7.4128254032900e+01
4.3400000000000e+03,3.1375015857150e-03,6.8945239626566e+01
4.3500000000000e+03,6.1812634596284e-03,7.1890172632854e+01
4.3600000000000e+03,1.4549982963676e-02,7.5608024934863e+01
4.3700000000000e+03,3.0985331868367e-03,6.8890961606933e+01
4.3800000000000e+03,2.2253428902156e-02,7.7453369470700e+01
4.3900000000000e+03,2.8374800670809e-02,7.8508728280231e+01
4.4000000000000e+03,6.0368974500428e-03,7.1787538071429e+01
4.4100000000000e+03,2.4528052851680e-03,6.7876030819769e+01
4.4200000000000e+03,4.8151294665684e-02,8.0805479773622e+01
4.4300000000000e+03,6.8516303224614e-03,7.2337339313767e+01
4.4400000000000e+03,1.5838714267027e-03,6.5976599328069e+01
4.4500000000000e+03,3.5736469360603e-03,6.9510516521704e+01
4.4600000000000e+03,6.4761827333691e-03,7.2092591030731e+01
4.4700000000000e+03,7.9099937057836e-03,7.2961161465889e+01
4.4800000000000e+03,1.3402775814875e-02,7.5251347619800e+01
4.4900000000000e+03,4.5536080811153e-03,7.0562956578028e+01
4.5000000000000e+03,4.9497292351085e-03,7.0925214510572e+01
4.5100000000000e+03,1.0343008285908e-02,7.4125868812747e+01
4.5200000000000e+03,1.4787458299598e-02,7.5678335416061e+01
4.5300000000000e+03,3.1079097562081e-02,7.8904084084567e+01
4.5400000000000e+03,8.7855359719510e-03,7.3417082699570e+01
4.5500000000000e+03,3.7927684954532e-02,7.9768963435405e+01
4.5600000000000e+03,8.6057870767826e-03,7.3327306052963e+01
4.5700000000000e+03,4.4006424801675e-03,7.0414560954360e+01
4.5800000000000e+03,8.8764713291607e-03,7.3461803633202e+01
4.5900000000000e+03,8.4882550450204e-03,7.3267584289269e+01
4.6000000000000e+03,4.1257850453201e-03,7.0134466060214e+01
4.6100000000000e+03,1.4528100353636e-02,7.5601488397719e+01
4.6200000000000e+03,3.7025716475769e-03,6.9664434798751e+01
4.6300000000000e+03,1.0152472286982e-02,7.4045118213500e+01
4.6400000000000e+03,1.3823654073498e-02,7.5385628660515e+01
4.6500000000000e+03,5.7292743890299e-03,7.1560396308497e+01
4.6600000000000e+03,7.7264423252799e-03,7.2859195757904e+01
4.6700000000000e+03,1.7728405816770e-02,7.6466096931670e+01
4.6800000000000e+03,1.4968124308812e-02,7.5731073899523e+01
4.6900000000000e+03,1.8592282342775e-02,7.6672727146371e+01
4.7000000000000e+03,1.5589236030410e-02,7.5907648412498e+01
4.7100000000000e+03,6.3148255007431e-03,7.1983013627540e+01
4.7200000000000e+03,2.7115043854313e-03,6.8311503198470e+01
4.7300000000000e+03,1.5315593088204e-03,6.5830738279633e+01
4.7400000000000e+03,6.1415931702507e-03,7.1862210533146e+01
4.7500000000000e+03,6.9082737003282e-03,7.2373095443115e+01
4.7600000000000e+03,4.2379458716119e-03,7.0250954141354e+01
4.7700000000000e+03,1.7176562849222e-02,7.6328762714874e+01
4.7800000000000e+03,2.1346913827882e-03,6.7272751056255e+01
4.7900000000000e+03,2.0834267757395e-02,7.7167182499899e+01
4.8000000000000e+03,2.8072807359451e-03,6.8462258541441e+01
4.8100000000000e+03,8.7963721317730e-03,7.3422436026392e+01
4.8200000000000e+03,3.1539018301466e-02,7.8967881798180e+01
4.8300000000000e+03,1.4146857592210e-02,7.5485999904458e+01
4.8400000000000e+03,9.1514725946397e-03,7.3594309921667e+01
4.8500000000000e+03,8.2640500201902e-03,7.3151329458655e+01
4.8600000000000e+03,6.0100216412513e-03,7.1768160445116e+01
4.8700000000000e+03,3.1131845832911e-03,6.8911448797973e+01
4.8800000000000e+03,1.2373322661332e-02,7.4904263469200e+01
4.8900000000000e+03,9.9633085164505e-03,7.3963435872404e+01
4.9000000000000e+03,3.4198492669830e-03,6.9319469732194e+01
4.9100000000000e+03,2.8219301591660e-03,6.8484862697331e+01
4.9200000000000e+03,1.0068016712513e-01,8.4008839364608e+01
4.9300000000000e+03,1.3020509014904e-02,7.5125679712485e+01
4.9400000000000e+03,4.4783893741723e-03,7.0490618593494e+01
4.9500000000000e+03,5.0198019541313e-03,7.0986265919675e+01
4.9600000000000e+03,1.5970217624445e-02,7.6012508429352e+01
4.9700000000000e+03,1.1312364138577e-02,7.4514933850426e+01
4.9800000000000e+03,5.2005475709763e-02,8.1139890820248e+01
4.9900000000000e+03,1.6902161309050e-02,7.6258822508347e+01
5.0000000000000e+03,7.4447809673523e-03,7.2697919335850e+01
